Repository,Version,Date,Released Version,License,Snyk,Docs,README,Dependencies,Tech,Public Code
hmd-cli-mickey,1.0.51,2023-Mar-01,1.0.51,2023-Feb-09,2023-Feb-09,2023-Feb-09,2023-Feb-09,"hmd-cli-tools,
hmd-tf-mickey,
hmd-cli-app",Python,
hmd-tf-mickey,1.0.91,2026-Feb-24,1.0.91,2023-Feb-09,2023-Feb-09,2023-Feb-09,2023-Feb-09,,Docker,
hmd-cli-configure,1.0.46,2026-Mar-11,1.0.46,2023-Jan-31,2023-Apr-12,2023-Jan-31,2023-Jan-31,"hmd-cli-tools,
hmd-cli-app",Python,
hmd-cli-app,1.2.623,2026-Feb-24,1.2.623,2023-Jan-31,2023-Apr-12,2023-Jan-31,2023-Jan-31,hmd-cli-tools,Python,
hmd-cli-tools,1.2.244,2026-Feb-24,1.2.244,2023-Jan-31,2023-Apr-12,2023-Jan-31,2023-Jan-31,,Python,
hmd-cli-repo,0.3.165,2026-Mar-11,0.3.165,2023-Feb-14,2023-Apr-12,,,"hmd-cli-app,
hmd-cli-tools",Python,
hmd-cli-neuronsphere,0.4.180,2026-Mar-16,0.4.180,2023-Feb-14,2023-Apr-12,2023-Feb-14,2023-Feb-14,"hmd-cli-app,
hmd-cli-tools,
hmd-img-local-gateway,
hmd-img-jupyter-multiarch,
hmd-postgres-base,
hmd-inf-superset,
hmd-img-airflow,
hmd-ms-transform,
hmd-img-trino,
hmd-inf-hive-metastore,
hmd-img-hdfs-namenode,
hmd-img-hdfs-datanode",Python,
hmd-img-local-gateway,0.1.51,2026-Feb-24,0.1.51,2023-Feb-14,2023-Feb-14,,,,Docker,
hmd-img-jupyter-multiarch,0.1.5,2023-Mar-01,0.1.5,2023-Feb-14,2023-Feb-14,,,,Docker,
hmd-postgres-base,0.2.11,2023-Mar-01,0.2.11,2023-Feb-14,2023-Feb-14,,,,Docker,
hmd-inf-superset,0.5.229,2026-Mar-04,0.5.229,2023-Feb-14,2023-Feb-14,,,,Docker,
hmd-img-airflow,0.4.161,2026-Mar-11,0.4.161,2023-Feb-14,2023-Feb-14,,,,Docker,
hmd-ms-transform,1.0.819,2026-Mar-05,1.0.819,2023-Feb-14,2023-Feb-14,,,,Docker,
hmd-ms-base,0.2.252,2026-Mar-11,0.2.252,2023-Feb-14,2023-Feb-14,,,,Docker,
hmd-graphql,0.1.175,2026-Feb-24,0.1.175,2023-Feb-14,2023-Feb-14,,,"hmd-cli-tools,
hmd-entity-storage,
hmd-meta-types,
hmd-base-service,
hmd-schema-loader",Python,
hmd-entity-storage,0.2.320,2026-Mar-11,0.2.320,2023-Feb-14,2023-Feb-14,,,"hmd-meta-types,
hmd-cli-tools",Python,
hmd-schema-loader,0.2.35,2023-Mar-01,0.2.35,2023-Feb-14,2023-Feb-14,,,,Python,
hmd-graphql-client,0.1.171,2026-Feb-24,0.1.171,2023-Feb-14,2023-Feb-14,,,"hmd-meta-types,
hmd-schema-loader,
hmd-entity-storage,
hmd-cli-tools,
hmd-lib-auth",Python,
hmd-meta-types,0.2.94,2025-Oct-24,0.2.94,2023-Feb-14,2023-Apr-12,,,,"Python, Typescript",
hmd-base-service,0.2.198,2026-Mar-11,0.2.198,2023-Feb-14,2023-Feb-14,,,"hmd-lib-auth,
hmd-cli-tools,
hmd-entity-storage,
hmd-schema-loader",Python,
hmd-lib-auth,0.1.120,2026-Mar-11,0.1.120,2023-Feb-14,2023-Apr-12,,,hmd-cli-tools,Python,
hmd-cli-build,0.1.77,2026-Mar-11,0.1.77,2023-Feb-14,2023-Feb-14,,,"hmd-cli-app,
hmd-cli-tools",Python,
hmd-cli-python,0.2.117,2026-Mar-11,0.2.117,2023-Feb-14,2023-Apr-12,,,"hmd-cli-tools,
hmd-cli-app",Python,
hmd-cli-docker,0.1.205,2026-Mar-11,0.1.205,2023-Feb-14,2023-Apr-12,,,"hmd-lib-containers,
hmd-cli-tools,
hmd-lang-deployment,
hmd-cli-app",Python,
hmd-cli-transform-deploy,0.1.92,2026-Mar-16,0.1.92,2023-Feb-14,2023-Feb-14,,,"hmd-cli-app,
hmd-cli-tools,
hmd-lib-librarian-client,
hmd-lib-transform,
hmd-lib-naming",Python,
hmd-cli-explorer,0.1.42,2025-Oct-24,0.1.42,2023-Feb-14,2023-Apr-12,,,"hmd-cli-app,
hmd-cli-tools",Python,
hmd-cli-bartleby,1.0.52,2026-Mar-11,1.0.52,2023-Feb-14,2023-Apr-12,,,"hmd-cli-app,
hmd-cli-tools",Python,
hmd-tf-bartleby,0.2.49,2023-Sep-13,0.2.49,2023-Apr-12,2023-Apr-12,,,,Docker,
hmd-cli-bender,0.1.34,2026-Feb-24,0.1.34,2023-Feb-14,2023-Apr-12,,,"hmd-cli-app,
hmd-cli-tools",Python,
hmd-tf-bender,0.1.35,2026-Feb-24,0.1.35,2023-Apr-12,2023-Apr-12,,,,Docker,
neuronsphere,1.0.63,2026-Feb-24,1.0.63,,,,2023-Feb-15,"hmd-cli-app,
hmd-cli-tools,
hmd-cli-mickey,
hmd-cli-configure,
hmd-cli-repo,
hmd-cli-neuronsphere,
hmd-cli-build,
hmd-cli-docker,
hmd-cli-python,
hmd-cli-transform-deploy,
hmd-cli-explorer,
hmd-cli-bartleby,
hmd-cli-bender",Python,
hmd-tmpl-transforms,0.1,2023-Feb-15,,,,,,,,2023-Feb-15
demo-config-transform-device-load,0.1,2023-Feb-15,,,,,,"hmd-tmpl-transforms,
demo-notebook-idl",,2023-Feb-15
demo-config-transform-device-schema,0.1,2023-Feb-15,,,,,,"hmd-tmpl-transforms,
demo-notebook-idl",,2023-Feb-15
demo-notebook-idl,0.1,2023-Feb-15,,,,,,,,2023-Feb-15
hmd-lang-deployment,0.1.81,2026-Feb-24,0.1.81,2023-Mar-02,,,,,Python,
hmd-lang-naming,0.1.13,2025-Jan-03,0.1.13,2023-Mar-02,,,,,Python,
hmd-lib-containers,0.1.93,2026-Feb-24,0.1.93,,2023-Apr-12,,,,Python,
hmd-lib-librarian-client,0.1.111,2026-Feb-24,0.1.111,2023-Mar-02,,,,,Python,
hmd-lib-naming,0.2.57,2025-Oct-24,0.2.57,2023-Mar-02,,,,hmd-lang-naming,Python,
hmd-lib-transform,0.1.72,2025-Oct-24,0.1.72,2023-Mar-02,,,,,Python,
hmd-tmpl-vocabgen,0.1,2023-Feb-15,,2023-Apr-12,,,,,,
hmd-img-hdfs-namenode,0.1.6,2026-Feb-24,0.1.6,2023-Apr-12,,,,,Docker,
hmd-img-hdfs-datanode,0.1.4,2026-Feb-24,0.1.4,2023-Apr-12,,,,,Docker,
hmd-inf-hive-metastore,0.2.70,2026-Feb-28,0.2.70,2023-Apr-12,,,,,Docker,
hmd-img-trino,0.1.12,2026-Feb-24,0.1.12,2023-Apr-12,,,,,Docker,
hmd-lib-robot-shared,0.2.144,2026-Mar-11,0.2.144,,,,,"hmd-cli-tools,
hmd-graphql-client,
hmd-schema-loader,
hmd-lib-auth,
hmd-lang-audit,
hmd-entity-storage",Python,
hmd-lang-audit,0.1.3,2023-Apr-12,,,,,,hmd-meta-types,,
hmd-ms-hospital,0.1,2023-Apr-12,,,,,,,,2023-Apr-12
hmd-img-gremlin-server,0.2.4,2023-Aug-20,0.2.4,,,,,,Docker,
hmd-cli-librarian,0.1.23,2025-Jul-22,0.1.23,,,,,,Python,
hmd-cli-librarian-sync-manager,1.0.187,2026-Mar-11,1.0.187,2023-Apr-12,,,,"hmd-cli-tools,hmd-cli-app,hmd-entity-storage,hmd-lib-librarian-client",Python,
hmd-cli-librarian-sync-watcher,1.0.185,2026-Mar-11,1.0.185,2023-Apr-12,,,,"hmd-cli-tools,hmd-cli-app,hmd-entity-storage,hmd-lib-librarian-client",Python,
hmd-lib-telemetry,0.1.62,2026-Mar-05,0.1.62,2023-Apr-12,,,,hmd-cli-tools,Python,
hmd-img-clickhouse,0.1.4,2026-Mar-17,0.1.4,2023-Apr-12,,,,,Docker,
hmd-img-otel-collector,0.2.54,2026-Mar-17,0.2.54,2023-Apr-12,,,,,Docker,
